Year,Month,DPM_t_C_ha,RPM_t_C_ha,BIO_t_C_ha,HUM_t_C_ha,IOM_t_C_ha,SOC_t_C_ha,deltaC
2011,1,0.13401360863545683,3.5427221858508076,0.38844077230030366,14.573511650637032,2.25,20.8886882174236,-228.47078496002393
2011,2,0.12918055917575746,3.562552194691055,0.38890543131591765,14.574284123038833,2.25,20.904922308221565,-228.36388178170475
2011,3,0.10160327422264984,3.543813805301549,0.38882590268210476,14.574392807576444,2.25,20.85863578978275,-228.56718980935742
2011,4,0.18538790999050553,3.551563044288347,0.3867594434929164,14.572099338075622,2.25,20.94580973584739,-228.13683602877188
2011,5,0.17854106365992867,3.517306170675978,0.38933192318295506,14.574887711294972,2.25,20.910066868813832,-228.29920528572111
2011,6,0.17934218221971687,3.4757153390219924,0.39069099016607123,14.576261018168664,2.25,20.872009529576445,-228.4785082747025
2011,7,0.15623754888120384,3.4114958779007516,0.39141872165781905,14.576858124211217,2.25,20.78601027265099,-228.87596535693032
2011,8,0.10834457025442534,3.363376641918265,0.38875554609457913,14.573107628410785,2.25,20.683584386678053,-229.36005286198312
2011,9,0.10853102094063127,3.3467527237317714,0.38375913265952377,14.566762049171542,2.25,20.655804926503468,-229.51552925614294
2011,10,0.10448747611086098,3.34615832234357,0.38150638668207937,14.563850511278888,2.25,20.646002696415398,-229.5695179695466
2011,11,0.09080376230116356,3.336531967239924,0.38056995167266505,14.562680298276002,2.25,20.620585979489753,-229.70931868254573
2011,12,0.10368695699215685,3.3578310349100517,0.379078530835258,14.560824510425302,2.25,20.65142103316277,-229.59580801242518
2012,1,0.0860996503751948,3.3423859783689753,0.3784353631889031,14.559950590581314,2.25,20.61687158251439,-229.74253083101016
2012,2,0.08801708882884896,3.3480565260883206,0.3775948183580711,14.558908893589113,2.25,20.622577326864352,-229.70266830255116
2012,3,0.07923644911488548,3.320982589256677,0.37436182981197,14.554401686575458,2.25,20.57898255475899,-229.89222557647705
2012,4,0.15783850136268812,3.3462541130663164,0.3727918794232563,14.552253119782218,2.25,20.67913761363448,-229.39264136205318
2012,5,0.1490018380679667,3.30560463147802,0.3737979266292013,14.552135482412105,2.25,20.630539878587292,-229.6181736470506
2012,6,0.1585422051380336,3.24932426632386,0.37253476880507624,14.548505995141097,2.25,20.578907235408067,-229.85905151223352
2012,7,0.136778216948103,3.179137977129492,0.3718843508586771,14.545481985414652,2.25,20.483282530350923,-230.32066389320738
2012,8,0.12332886363630181,3.166845923160638,0.36800684606041756,14.537832945672267,2.25,20.446014578529624,-230.50350985799872
2012,9,0.1102085353147767,3.1615737871539276,0.36567490507895617,14.532973376036283,2.25,20.420430603583945,-230.65277849215738
2012,10,0.12187164205714879,3.193845775838274,0.3644149045539539,14.530256883178142,2.25,20.460389205627518,-230.47130956259332
2012,11,0.11598068968776855,3.2077560918844847,0.3647847146675666,14.530165884093996,2.25,20.468687380333815,-230.44414759008646
2012,12,0.1112276261993631,3.2214282331234885,0.3647586551965532,14.529416787465182,2.25,20.476831301984586,-230.42253395441014
2013,1,0.09967138067215447,3.221672404252753,0.3644971556560488,14.528345600830939,2.25,20.464186541411895,-230.46021476932253
2013,2,0.09066443189742718,3.218937166423092,0.3640888249154952,14.527320588724214,2.25,20.45101101196023,-230.5162952210007
2013,3,0.09270558791775949,3.222625602289466,0.36242413969429926,14.524295530655523,2.25,20.452050860557048,-230.49897672978327
2013,4,0.1566855086692283,3.2392810785533768,0.36140521288151084,14.522222042695674,2.25,20.52959384279979,-230.11393973988515
2013,5,0.18235987964479483,3.2472116589736304,0.363292525254969,14.5234237540612,2.25,20.566287817934594,-229.93883907092572
2013,6,0.17477859940044477,3.2225950060367796,0.36620547745904597,14.524876644681372,2.25,20.53845572757764,-230.08048522435644
2013,7,0.12048490680841267,3.1224013219473092,0.36618017460687546,14.521097476388832,2.25,20.38016387975143,-230.84541817831828
2013,8,0.09663321993007115,3.0874065503539105,0.3622331170466271,14.51337182085867,2.25,20.30964470818928,-231.19442358795817
2013,9,0.11813190750291133,3.107626523538678,0.35805042180698854,14.505823102169233,2.25,20.33963195501781,-231.07938406748917
2013,10,0.13412835923739413,3.1517581808681463,0.35700657428867405,14.502537915824764,2.25,20.39543103021898,-230.84406453492534
2013,11,0.13254181930964976,3.1798854534417194,0.35793914951823536,14.50283689662874,2.25,20.423203318898345,-230.73536706319032
2013,12,0.11253874742874888,3.1763286237198867,0.35880552273529903,14.503252469556449,2.25,20.400925363440383,-230.8582586206136
2014,1,0.12042687222666973,3.2072358283611497,0.3587170676950052,14.502146087741387,2.25,20.438525856024214,-230.63703426906756
2014,2,0.1186319436526316,3.2281319219228566,0.3590768798699052,14.501631800552774,2.25,20.45747254599817,-230.52647566774732
2014,3,0.1081673066426967,3.232204925588278,0.3586722708305404,14.499464672794435,2.25,20.44850917585595,-230.5562728285272
2014,4,0.17809102192324416,3.2416365511631,0.35772302775399084,14.49666023421192,2.25,20.524110835052255,-230.17889013418335
2014,5,0.1842436449180179,3.233259634921218,0.3608521791022342,14.498500717277029,2.25,20.526856176218498,-230.16825775257698
2014,6,0.17458629394320252,3.1931928511545546,0.36340043983425335,14.498520674912195,2.25,20.479700259844204,-230.4037487310484
2014,7,0.1873840832444908,3.1599658891059357,0.36459190276713926,14.496920665262317,2.25,20.458862540379883,-230.5189104246643
2014,8,0.14062241422824664,3.1691188163013213,0.3663805525799763,14.496023421603974,2.25,20.42214520471352,-230.71674674615937
2014,9,0.11758566046539967,3.1624855587404603,0.3648033302851839,14.4915977977767,2.25,20.386472347267745,-230.9138290614551
2014,10,0.11292845970256302,3.1709763831073854,0.3631206734852248,14.487846809143907,2.25,20.38487232543908,-230.95049324262195
2014,11,0.10215983888896973,3.1743467087469086,0.36294620985221404,14.486893688472673,2.25,20.376346445960763,-231.0125887269011
2014,12,0.0892014518098147,3.1675429765666716,0.3623391293282973,14.485436408497378,2.25,20.35451996620216,-231.13867411989276
2015,1,0.07759080164021731,3.155960589916642,0.361522436956445,14.48388948926271,2.25,20.328963317776015,-231.25058764815165
2015,2,0.10224116159097557,3.193598687349632,0.36055672107001974,14.482264758172287,2.25,20.388661328182913,-230.93999545648802
2015,3,0.1022722787262206,3.200405086047402,0.3590898775702868,14.479016686454088,2.25,20.390783928797998,-230.9137795918741
2015,4,0.17799281178845566,3.2189090633519895,0.35806848635876026,14.476459557079925,2.25,20.48142991857913,-230.4629814858604
2015,5,0.19533423334499284,3.210631115178061,0.3609216906829114,14.477532421805348,2.25,20.494419461011315,-230.39030987391297
2015,6,0.1476848768173899,3.145610480875547,0.3639515666619098,14.477884675533403,2.25,20.38513159988825,-230.9308262339882
2015,7,0.1222838648467962,3.0535498381195536,0.36150462266616196,14.471121671491773,2.25,20.258459997124284,-231.5605615702292
2015,8,0.11567365548934784,3.047275359960173,0.35754221785392665,14.46284056673942,2.25,20.23333180004287,-231.68658565162048
2015,9,0.10067691508825952,3.0407667164015315,0.3556275565422471,14.458163543389842,2.25,20.205234731421882,-231.83553664517177
2015,10,0.14342012814022878,3.1147099837880967,0.3540645886611674,14.454624605716601,2.25,20.316819306306094,-231.3373174885729
2015,11,0.11666436332479606,3.1150879003821395,0.3553858923145451,14.455042823036347,2.25,20.29218097905783,-231.4771593768412
2015,12,0.10342823812482792,3.117739228337067,0.35558645156008467,14.454323862279626,2.25,20.281077780301604,-231.54469390432385
2016,1,0.09303617676903542,3.116177496634725,0.35502701601482883,14.452512850680417,2.25,20.266753540099007,-231.5914201753001
2016,2,0.10654524759305468,3.143382912619236,0.35404315758538407,14.45020378216836,2.25,20.304175099966034,-231.38670492666412
2016,3,0.07865712395392539,3.117052263236168,0.35362785870698377,14.448393362317217,2.25,20.247730608214294,-231.66376206649142
2016,4,0.1593929661392866,3.1443775129955718,0.3521911545171269,14.445587234728379,2.25,20.351548868380362,-231.14696115595757
2016,5,0.19929390980929768,3.1525007440163013,0.35418984876454634,14.445697910338769,2.25,20.401682412928913,-230.90514277360197
2016,6,0.17549715866405277,3.1137136022298426,0.35803081381918417,14.446723549847583,2.25,20.34396512456066,-231.1830272228641
2016,7,0.15023053705578474,3.049693711746037,0.3589026123848816,14.443841867433283,2.25,20.252668728619987,-231.646942406065
2016,8,0.10578128027617334,3.0187545853840807,0.35718957758252406,14.437851418679282,2.25,20.16957686192206,-232.05938798271086
2016,9,0.12286884005344854,3.039449491760986,0.35314720048400233,14.42977476214615,2.25,20.195240294444588,-231.94809678816387
2016,10,0.12373700545423398,3.068643643113753,0.3527101641444713,14.42722775829394,2.25,20.222318571006397,-231.8340720318045
2016,11,0.11131266793819788,3.0766390939895976,0.3532422486289789,14.4269197066804,2.25,20.218113717237173,-231.87896044470557
2016,12,0.09257626945857597,3.0683901732164327,0.35323844377572755,14.425917128502126,2.25,20.190122014952863,-232.0292556596113
2017,1,0.0894316429590882,3.0726646434777565,0.35273109431534067,14.424547185937765,2.25,20.18937456668995,-232.01884353505253
2017,2,0.06621960142612737,3.0408227250729434,0.351148955985617,14.42114499994513,2.25,20.12933628242982,-232.30921489883073
2017,3,0.05229050877554296,2.990457173716748,0.3467019816349361,14.413300944360412,2.25,20.05275060848764,-232.68573553405213
2017,4,0.16885633437667974,3.0231096567048623,0.34306694625266104,14.407043751727002,2.25,20.192076689061206,-231.97052088370938
2017,5,0.1801410130072475,3.0077384607334063,0.3454303050262076,14.406089347032767,2.25,20.18939912579963,-231.99016988877375
2017,6,0.15367483752600708,2.9520768183316806,0.347383660411275,14.403288082615648,2.25,20.10642339888461,-232.41197782785926
2017,7,0.17534261414935737,2.9132432813097746,0.34653695727848377,14.39709485748209,2.25,20.082217710219705,-232.53270055406205
2017,8,0.10333053751452329,2.8790407574567913,0.34747311408726766,14.393108545524651,2.25,19.972952954583235,-233.10095821048503
2017,9,0.09333797572589486,2.8721829020693566,0.34467529466903507,14.386604695589211,2.25,19.946800868053497,-233.24276052483395
2017,10,0.1294499994825308,2.9290795510643206,0.3420042690065857,14.380547075867163,2.25,20.0310808954206,-232.86922560782887
2017,11,0.11122953425599359,2.9332466698170716,0.3428534178913188,14.380302555683361,2.25,20.017632177647744,-232.9468310018742
2017,12,0.09577190797598774,2.9317396131288267,0.34297091992089224,14.37915088962171,2.25,19.999633330647416,-233.0582963326583
2018,1,0.09741725821920189,2.9465257530482676,0.34225311060053676,14.376755102234895,2.25,20.012951224102903,-232.9650231007304
2018,2,0.09907022794187857,2.9618017644311134,0.34205649872276217,14.375489546824147,2.25,20.028418037919902,-232.8784318817617
2018,3,0.09274208436587907,2.9650715990353333,0.3412004246777369,14.372459987210892,2.25,20.02147409528984,-232.90597600165754
2018,4,0.18875020077792737,3.0026271871456065,0.34011065686804653,14.369162235656999,2.25,20.15065028044858,-232.25314736652157
2018,5,0.20555128264531264,3.0121194433585203,0.34412379528181714,14.371060472690967,2.25,20.18285499397662,-232.09940994332868
2018,6,0.1479747919816254,2.959737002113958,0.3486638109536606,14.37219964424736,2.25,20.078575249296605,-232.6269445882545
2018,7,0.1481197155100205,2.9029446357699937,0.34730855732733207,14.365696225966401,2.25,20.01406913457375,-232.96473271160255
2018,8,0.11791702853746697,2.896309161166169,0.3456094410839862,14.358443050863315,2.25,19.968278681650936,-233.19909615414002
2018,9,0.1279437501322801,2.9240196462512267,0.34274485191448856,14.35066494880335,2.25,19.995373197101344,-233.1035225396879
2018,10,0.13692252182677786,2.9731939281059643,0.342985758647012,14.348578815465078,2.25,20.051681024044832,-232.86178729786934
2018,11,0.1212124983634055,2.9856403322704264,0.3441510993070699,14.34869583005572,2.25,20.04969975999662,-232.89406539686343
2018,12,0.10982756030279642,2.997702958495153,0.3443636943503051,14.347050245693975,2.25,20.04894445884223,-232.93117870909617
2019,1,0.09954142948141398,3.0022930242608754,0.34445439281754714,14.345919238065145,2.25,20.04220808462498,-232.9427814080891
2019,2,0.07699966698723844,2.9814828175348924,0.3437375978098709,14.343366725579605,2.25,19.995586807911607,-233.165389008937
2019,3,0.07909377395547569,2.9715654375449305,0.3406973216849808,14.337116342404851,2.25,19.97847287559024,-233.23518605127558
2019,4,0.1693192450536539,3.002828038322887,0.3391223440999737,14.333421364675782,2.25,20.094690992152298,-232.6471689005526
2019,5,0.2133207679510782,3.023415361234175,0.3420371011418017,14.334048367133754,2.25,20.16282159746081,-232.31450160820333
2019,6,0.18558453804547403,2.9884378645200775,0.3470956421169756,14.335087191640707,2.25,20.106205236323234,-232.60622502819072
2019,7,0.1264586736334371,2.9044759157854374,0.3486636428249461,14.331542873848779,2.25,19.961141106092597,-233.34038409882496
2019,8,0.10780142155025467,2.889216442558395,0.3451301421064512,14.32244408783035,2.25,19.91459209404545,-233.57937864008483
2019,9,0.11729485382792515,2.9115776537187754,0.3422789975712911,14.315390873824708,2.25,19.9365423789427,-233.50514090835094
2019,10,0.1335281040968318,2.9608049636666527,0.341446421332141,14.311547119967159,2.25,19.997326609062785,-233.2441882572722
2019,11,0.11175301671352253,2.961435013700474,0.34249960594645734,14.31159170051331,2.25,19.977279336873764,-233.36108407417566
2019,12,0.10432695433595808,2.9728797272101506,0.3423844101356244,14.309719641777303,2.25,19.979310733459037,-233.38279591330902
2020,1,0.09254198034151365,2.971703772141165,0.34239006972844394,14.308650306712314,2.25,19.965286128923438,-233.4373333362967
2020,2,0.07229991912587375,2.9448004388012294,0.34057700588712514,14.304028801400065,2.25,19.911706165214294,-233.68807051443153
2020,3,0.07405441091151457,2.934509535155683,0.33769575816348224,14.29811212006791,2.25,19.89437182429859,-233.76631921812418
2020,4,0.15709331725871273,2.9537590797617717,0.3355088191452936,14.293243589002602,2.25,19.98960480516838,-233.27981265368825
2020,5,0.1531825385435709,2.922832971414774,0.3372289023212274,14.290990376703428,2.25,19.954234788983,-233.4611900178999
2020,6,0.15722184690818286,2.8934669235743993,0.338285640537025,14.287856307437604,2.25,19.92683071845721,-233.60914641012
2020,7,0.13254666068867443,2.826185818882526,0.3381716337638863,14.281736290790821,2.25,19.828640404125906,-234.1054929326537
2020,8,0.10971133825758994,2.818174694480255,0.33597076561400613,14.273384519256938,2.25,19.78724131760879,-234.3419381899805
2020,9,0.11534379669065568,2.8380319761553876,0.33346540562529503,14.265824612991322,2.25,19.802665791462662,-234.29614527033382
2020,10,0.15252448007448685,2.9211607073663233,0.33338053633012255,14.263166491501616,2.25,19.92023221527255,-233.75281493202326
2020,11,0.11820118052016114,2.9179760940665194,0.3354049647343876,14.263849599539984,2.25,19.885431838861052,-233.94285116091885
2020,12,0.10208987292254773,2.9207591246036344,0.33592890075582976,14.26283086723828,2.25,19.871608765520293,-234.0357051071147
